organ_name,mean_abs_robust_z
kidney_left,0.8863181530349128
spleen,0.8808559702145623
kidney_right,0.8789697454075792
stomach,0.8553038725562744
colon,0.8145685381410913
small_bowel,0.8109074398014167
