primary_variation_stratum,n_cases,median_score,min_score,max_score,median_scans_per_case
low,29,0.603860049551102,0.4641145159057704,0.6890573395022201,3.0
medium,28,0.7865970356494918,0.6948065050359753,0.917628817464653,3.0
high,28,1.0988147875122678,0.9206939542688215,1.7125693228261243,3.0
