spacing_x,spacing_y,spacing_z,n_scans
1.5,1.5,3.0,259
1.6299999952316284,1.6299999952316284,3.0,15
