organ_name,mean_abs_robust_z_devfit
kidney_right,0.8948227723533065
kidney_left,0.893264934909507
stomach,0.8572995959873454
spleen,0.8312189834524666
colon,0.7884871285075723
small_bowel,0.7605928027057223
