organ_name,n_present,mean_ml,std_ml,min_ml,median_ml,max_ml
colon,274,543.6880509077814,215.8919567700726,119.799,502.318125,1477.629
duodenum,270,16.563369565720492,11.997895923231596,0.027,13.97925,71.16525
kidney_left,274,124.36603626635981,32.41258397087643,26.919,119.424375,247.968
kidney_right,274,123.85283226707192,34.029359322504526,20.1285,121.678875,222.27075
small_bowel,274,461.28721257593764,227.31897623502385,51.42825,437.33925,1049.247
spleen,274,595.6567936228488,182.23382026255686,161.75025,601.09425,1176.47775
stomach,274,263.10254141671095,147.23946521766828,27.70875,238.892625,674.80425
