organ_name,n_used,mean_ml,std_ml,min_ml,median_ml,max_ml
colon,274,543.6880509077814,215.8919567700726,119.799,502.318125,1477.629
duodenum,269,16.624843058529862,11.9775831047678,0.0945,13.986,71.16525
kidney_left,273,124.72298511715235,31.928022809640932,65.2995,119.4615,247.968
kidney_right,273,124.23277487610882,33.50456045467927,39.22425,121.851,222.27075
small_bowel,273,462.7885274571682,226.37147074401335,63.68589262738895,438.1965,1049.247
spleen,274,595.6567936228488,182.23382026255686,161.75025,601.09425,1176.47775
stomach,273,263.96478973691876,146.81520256022938,35.586,239.6925,674.80425
